{"_id": "67fab121dd8335cc7592ca0a", "Distance": 1.181103, "Weight": 6.613859999999999}